timestamp;10_14;12_18;3_33;3_34;3_35;3_52;3_59;3_6;3_69;3_70;3_71;4_17;4_20;4_24;5_14;5_20;6_10;6_20;6_28;6_8;6_9;7_16;7_25;7_4;8_1;8_15;9_4
2011-04-30;;;;;;;;;;;;2.4360776309716914;;;2.4625790360854314;0.7952817384902218;;;0.6992687190089438;;;;;;;;1.876996216580816
2011-05-31;;;;;;;;;;;;2.123871065715192;;;1.510182324080523;1.0997884385805703;;;1.0355282386349032;;;;;;;;0.6633210989951223
2011-06-30;;;;;;;;;;;;1.5050866717538838;;-0.18552451029799674;0.3239810916349433;1.0163113404533395;;;1.052799418840509;;;;;;;;-0.6070637739056914
2011-07-31;;-2.0946707105702758;;;;;1.5095222230322836;;;;;0.9301938898725777;;-0.090506177265814;-0.4150875307587284;1.0314465596281661;;;1.0816379812397388;;;-1.009331837980353;;;;;-1.6267379297035733
2011-08-31;;-1.8133350045383845;;;;;2.27619250525173;;;;;0.4499646332469931;;-0.2780327333914387;-0.7972113530263429;0.7498785423301411;;;0.8197499959527641;;;-1.1809164045330944;-0.9012347409946035;;;;-1.960100844647778
2011-09-30;;-1.6879384006415619;;;;;1.7576393258135625;;;;;0.9576930806091295;;0.5403832273241198;0.5203099170491166;1.2424187299510816;;;1.1672112703205593;;;-0.9922469113314014;-0.007718027608763994;;;;-0.709527314781153
2011-10-31;;-1.5040270160590776;;;;;0.42932468852511674;;;;;0.8290295750324184;;0.3563219566042229;0.24083313333318684;1.0816998680713237;;;0.9799521327237749;;;-0.9756978483607365;-0.1760117660661365;;;;-0.8970889116913553
2011-11-30;;-1.0708642027826294;;;;;-0.07234698576677433;;;;;1.3597746973999594;;0.8243195139768396;0.7948553425355924;1.360312394933125;;;1.1609610613518473;;;-0.47045757504260177;0.20518157384571528;;;;-0.18908194665121364
2011-12-31;;-0.4967804301795204;;;;;0.22897074991095814;;;;;0.9822470908133936;0.8918091300668278;0.6874911736085048;-0.07900206769432494;1.1784008287629713;;;1.0384370129442135;;;-0.051894872811658596;0.23868327232675632;;;;-0.593137821311086
2012-01-31;;0.6500756557500649;;;;;1.8248459642622825;;;;;1.7788953337015825;1.1451222280481677;1.3738151116618507;0.881718815769889;1.6061123800792303;;;1.5309958948460651;;;0.6675812679477774;0.8754910715256918;;;;0.6982035429116913
2012-02-29;;1.0671937879031694;;;;;2.002624847617443;;;;;1.8992531949824978;0.42300954907440863;1.691737893080586;1.2243493388553628;1.7738937636250016;;;1.7958664510481395;;;0.9489108482095786;1.1775064223698262;;;;0.9482642370551957
2012-03-31;;1.5924719235226452;;;;;1.3473583596922374;;;;;2.529780189704116;-0.009733875507543947;2.2301054213447986;1.9594844612934872;2.2463493796369396;;;2.317123575242546;;;1.588722067665792;1.592666178266215;;;;1.2273087362249122
2012-04-30;;1.7864977549023802;;;;;-0.03827891032052347;;;;;2.227620929029722;-0.6156426108636118;2.716811564952465;1.31905719456221;2.68396085287999;;;2.8767109123528405;;;2.3281950871705286;2.1088461030420294;;;;0.6307971848410914
2012-05-31;;2.23760167607392;;;;;-0.6636380703668854;;;;;2.2114861569101256;-0.1806412246144133;2.716611602908078;1.062401862789717;2.7669398028900996;;;3.1517462263187115;;;2.873429065928597;2.6069039824080202;;;;0.4758564094902771
2012-06-30;;1.935835904725859;;;;;-0.7358997867371099;;;;;1.6069863128457504;-0.16898340227008696;1.867779446483859;0.4837791256226975;2.1925251215424746;;;2.7490078076750364;;;2.398291821553722;2.228821124705169;;;;0.2856811895003323
2012-07-31;;1.6104839000217848;;;;;0.5905303498823915;;;;;1.3712174790385059;-0.04148913795550837;0.9590614527306022;0.4498280582691423;1.6254539218965331;;;2.2339543955455854;;;1.5697081606247394;1.6146982197375952;1.8580743471256562;;;-0.13611980359838868
2012-08-31;;0.9609437103119037;;;;;0.946110976342139;;;;;1.1721029384109987;0.8637561352620632;1.1200990932888164;0.8409370101143873;1.749120672471171;;;2.1751024752568813;;;0.9180281646131265;1.065683833544273;2.8921505961334857;;;0.13923847740226472
2012-09-30;;0.5773291625131387;;;;;1.682734256231022;;;;;1.4505149958188148;1.9035510350223876;0.9549688867301711;1.1961139651826616;1.5870379443852043;;;1.811430593431331;;;0.5111688466799533;0.7029523491471438;3.0342664845214;;;0.5251991090754388
2012-10-31;;0.3826215402684451;;;;;1.2983897256180301;;;;;1.66978623017363;2.324366261030522;1.5904200784686624;1.4812690356001237;1.8180459666851219;;;1.737435713440037;;;0.34972834938354913;0.6312610144367465;3.616557178669372;;;1.2086689052482824
2012-11-30;;0.21797924377775402;;;;;0.8057434576225624;;;;;0.3021671576307136;1.3494570171628568;0.7335750353426511;-0.6176192741503063;1.0758914854279458;;;0.9049515703378221;;;-0.14222591222559905;0.43447904828385403;2.5374535783822694;;;-0.7074209325903915
2012-12-31;;0.5691780466033691;;;;;0.5842672818171023;;;;;0.21186939181051684;0.30617895463852085;0.8059981404142202;-0.6692802840631843;1.0966885402754114;2.7360914516526744;;0.9000210963896187;;;0.010855927515265588;0.7199692803912838;2.513221408063994;;;-0.9628718250888494
2013-01-31;;0.7168062011230826;;;1.2951970128283086;;0.5768399154218267;;;;;-0.4498135305494003;-0.007228416167500342;0.6770344821296764;-1.4398123774852045;0.9327396845197147;1.0784213136578413;;0.7509676001811864;;;0.17419983964741456;0.8896569166179122;1.2171941957560384;;0.5544820497140756;-1.8715922620109533
2013-02-28;;1.8060545200895848;;;1.5740511402619692;;1.1009747936211345;;;;;1.5154058189908635;-0.24438130886462478;1.8790341526889773;0.9684655849642478;1.7317824802478734;1.6835580714793392;;1.5352123466198286;;;1.335469521585708;1.5677163270679209;1.9885190584905725;;1.7929880579373103;0.2466949345363206
2013-03-31;;2.7249622503941096;;;1.3890228897851078;;1.5277885340039894;;;;;1.2295559056357022;-0.17015094408639134;2.506620595435696;0.7539783081266425;2.1338101626495884;1.127840554945436;;1.9557442122168638;;;2.062310473374572;2.34224664671098;1.1559171249714617;;1.7686575032802399;0.20462375941627467
2013-04-30;;2.472465753517639;;;0.9410912353648017;;1.099396559141895;;;;;1.4287357180928124;0.03891814468307646;2.0494139566103007;0.9123586765535125;1.8481115823225753;1.4626304468493403;;1.8199918610495522;;;1.9682272956240683;2.2438812209735572;1.3829721715654952;;1.6255667481072689;0.18936669073787102
2013-05-31;;1.7075876496462548;;;0.031202118823932163;;0.5863794348886905;;;;;0.10294193139375349;0.10281406543948157;1.4671646341507036;-0.4031600678246434;1.4008703246726038;0.45192328839765356;;1.487961658183438;;;1.2663327949044505;1.658529951765187;0.28096412982604435;;0.8030189705490023;-0.9762347854462853
2013-06-30;;0.37090132842726026;;;-0.32200347298372844;;-0.9921727434544403;;;;0.6614994576972624;-0.009134958306072406;0.22583842571187412;0.5567440844342156;-0.27526137811545526;0.6776236008256139;-0.02588761522254975;;0.8240108396932273;;;0.12223178740188856;0.3930166133363871;-0.14493714136445876;;-0.18490603180498705;-1.2140193624321987
2013-07-31;;0.09206713197961407;;;-0.3214559179413114;;-1.0539128870596124;;;;0.3599774944886601;0.07185407481255823;-0.5626933282902746;0.24757232444874658;0.11350696952814437;0.4353641628126735;-0.2750849406567161;;0.6231557123446139;;;-0.4594925389325815;-0.14498031632519323;-0.4036398637055871;;-0.40737062241516847;-1.0566637185573382
2013-08-31;;0.07992066548750199;;;0.92604097050783;;-0.9388458450933042;;;;0.3882767456117579;0.5639322537997384;-0.4271148273709953;-0.054699888415453035;0.6850946875979891;0.15052395785749992;-0.08988922679299714;;0.3000097243985509;;;-0.5389902188332041;-0.37227456485679294;-0.024402082456348798;;-0.52716909974708;-0.533441478182577
2013-09-30;;0.3891643106060996;;;1.4582994571423407;;0.06136640501871493;;;;0.39179714909405217;0.8030056721918433;-0.9677736323600339;-0.08041286425621892;0.8551251069051017;0.17896200951478441;0.3345622194759509;;0.2712148482521673;;;-0.11082991323838658;-0.13831169251538;0.3543921992441529;;0.10609825366133041;-0.10696087424498144
2013-10-31;;0.7525517121996032;;;1.1027696496726715;;0.1477937990739558;;;;0.7429491353043947;0.7620770534982068;-0.3875871680330546;0.27049289485878636;0.8557264222774907;0.44528591591846006;0.7307992750638885;;0.3511208176454626;;;0.5232408174280822;0.21043874640103172;0.7211081754706925;;0.4956280101211705;0.3993511244437929
2013-11-30;;0.9536691355088973;;;0.8538296113773275;;0.741571726298463;;;;0.9470383716825573;0.8543374327881758;1.4411130887404244;0.5793925999478983;0.9232607202424171;0.701007190701693;1.126268832731259;;0.47409574619911454;;;0.767836256591498;0.4008000533417236;0.8216590445231979;;1.0962377142251012;0.7270991377061474
2013-12-31;;0.9705528399472697;;;0.6034078900485205;;0.11018735712634219;;;;1.1894741526993033;-0.2716111395570272;2.4197591759980766;0.8297672838353382;-0.32298940624160605;0.8360789940543589;-0.1707129929994186;;0.4867010830447205;;;0.6498099032611859;0.5224645412884175;-0.2840246738848689;;1.0724694978801652;-0.6503818005144898
2014-01-31;;1.23888000897029;;;0.7812180038422745;;0.3960459697018596;;;;1.3124591956748448;0.4601648961511892;1.7534933517775175;1.443364052822822;0.8818903313977062;1.2982581111466844;0.4455297877186709;;0.9920240034631673;;;0.81762375862564;0.8669312253536289;0.23675530130232458;;1.7595518875086391;-0.07464416422687982
2014-02-28;;1.3525558652564704;;;0.6850744649023431;;1.2352180224557214;;;;1.581248719210992;0.9190330306279765;0.64959507169458;1.4542782909454919;1.6876560054421195;1.338351469060708;0.5484190002908902;;1.140275343542737;;;0.8381395062618127;1.1494762791461446;0.411017243892292;;1.758402963873717;0.3204376594387421
2014-03-31;;1.6849272052438755;;;0.515566603450941;;1.9278602570167416;;;;1.8104708641128027;2.224291607497077;0.3409462718503542;1.7659128303873597;3.1735858594472224;1.652113868161203;1.8255344532696984;;1.5407630162913828;;;1.2019339844682482;1.6554784703532848;1.5213037448149778;;2.1028838951736075;2.0309150325412637
2014-04-30;;1.144637300187083;;;1.1126594633340576;;2.3428788688694526;;;;1.706781778679797;1.1746692453486984;1.2763372147755865;1.0533340797783255;1.318881602599702;1.1265172470762954;0.6889992677770924;;0.9310587659704445;;;0.7208483170695753;1.4015213277469207;0.5363875807341709;;1.1258953382840857;0.9940529802053863
2014-05-31;;0.09184221885617891;0.6820549834722885;;-0.4244304483229321;;0.34618329205119885;;;;0.845732257404178;0.3273763718086981;-0.08596166322516842;0.5065116574534515;-0.11726334903837242;0.7358339834683202;0.0304062040050307;;0.33076271982361394;;;0.08695268291349925;0.6768492392583729;0.00475798711959416;;0.2494755912198075;-0.031615919495343016
2014-06-30;;-0.08341368349807879;3.1798520612321486;;1.0180116970852517;;1.1765430085929347;;;;0.47880549552074797;0.05299636237909131;0.695093143272261;0.38041837675646156;-0.5145840402726259;0.5651463782485256;-0.08387936229508391;;-0.11819235441279233;;;0.06530953712711783;0.27177126797157586;0.0005870032603175236;;0.22643536794226773;-0.44465212321493497
2014-07-31;;0.26476775689372367;3.1500045570179873;;1.2831062060708036;;0.8107800708158557;;;;0.5711001098447914;0.729484937671275;1.1791696747316485;0.4746030063335958;0.49247293843255;0.5888689776952791;0.3382103544244858;;-0.29744153436042453;;;0.4834920059800766;0.18819500455993;0.30091362915779085;;0.42926421336001586;-0.09111657480651074
2014-08-31;;0.9984007741312055;3.6143627365261493;;2.268870711391816;;1.055508364937798;;;;0.9321470166793686;0.5836483318189868;1.8409117198826805;0.7224045168846746;0.4980461984173856;0.7325966089523378;0.6887801240671246;;-0.20741446687424905;;;1.0717618833939615;0.7451601548381789;0.5103155234234231;;0.9440146883928485;0.12689538665705433
2014-09-30;;0.6656864935211292;2.432249712275488;;1.2614186148273212;;0.7677148770971548;;0.48901613070521277;;0.5732430438983683;0.3997647973049684;1.354034900125202;0.08177276902184344;0.2332288367337173;0.23065845374605096;0.41837534022948664;;-0.6003603154155595;;;0.6931356384229851;0.3240912015407342;0.4436568095916339;;0.5306927045209142;-0.07943861620122886
2014-10-31;;0.5722602455329951;1.858357077582263;;0.7906155517339937;;0.8647350297522806;;0.933465601033072;;0.15433045924878397;0.013464116221460595;0.6695526882250603;0.25178704093141446;0.08702106951835233;0.3788765433687781;0.9579312676817391;;-0.2776676056376337;;;0.5874421411718346;0.35664290357573863;0.8894915360902436;;1.0302743123571911;0.4123226821101036
2014-11-30;;0.3967089238395762;1.8682144934322351;;1.0597506958518033;;0.6753281039855478;;0.6927718103372391;;0.1819715605437363;0.36768093522423007;-0.05403072137093823;0.04728196804822007;0.41776250981638796;0.2569685313479882;0.4170702728104351;;-0.24768719416496485;;;0.34934832884817135;0.08151629424351206;0.723770521192041;;0.7320943939844501;0.25216881620637244
2014-12-31;;0.6454652115472874;1.1487840754128829;;-0.20731743571591277;;0.009141371781386364;1.0465427549106419;0.8632782769478218;;0.6070779518268091;0.6319560175364908;-1.0885776095230066;0.368240874252789;0.8391208399780573;0.5254570670532713;0.6751749630718492;;0.08963383593732605;;;0.8026503484430495;0.47791747272127366;0.867659961145105;;0.9995192274901366;0.6118953567122382
2015-01-31;;1.0571271851801005;0.9286408576408197;;-1.0704830447188698;;-0.6186915507999389;2.2358212170703897;1.1514888565863541;;1.4287733833071743;1.2393492613220292;-2.1661646944020467;0.4884984369409384;1.2138257417946192;0.5552855871850643;0.7103061556250366;;0.2119637776721979;;;1.3151970985696648;0.8886786173430539;1.2849092114973457;;1.3949962518076087;0.8192445256043417
2015-02-28;;1.3150513101243566;0.41708372648204706;;-1.2962545965173855;;-0.3309526968110697;2.2834439819817725;1.6116530365983148;;1.7804623497610004;1.2292908874986517;-1.6325849844236888;0.5621888793278457;1.3507157335476367;0.5629632493989404;1.0411740522803976;;0.3108717777381558;;-1.079135374187235;1.5211310633487591;1.1576745948745955;1.4841153777019376;;1.9288155566848875;1.1690459835354776
2015-03-31;;1.0938408582357266;0.3472457848962386;;-0.7937026618620582;;-0.7237781311361231;2.3792355530079625;1.7165697273980407;;1.6884567735759262;1.054355182467285;-0.9479403174382336;0.7960023521091382;0.9108956709336382;0.6159563348595408;1.1137742762922518;;0.45997373664306196;;-0.8564928879208711;1.3706828881988433;1.0049153277848635;1.3585363234782946;;2.2718677429106395;1.0574419388134313
2015-04-30;;0.4464243686708362;-0.13624383498124729;;-0.7179233185737426;;-1.0495305443791092;1.1600968354452657;1.388403735815074;;1.1098982572012426;0.02814335063093317;-0.6379014520822722;0.1842283382594289;-0.49676189498945267;0.0966095208271994;0.21870633348407073;;0.09878492254516254;;-1.054487986721963;0.82572725683925;0.4609165595011178;0.15724144181202426;;1.328090079894887;0.04037023712803806
2015-05-31;;0.6406084119974936;-0.37817249297559186;;-0.9125411287448268;;-0.969354293292824;0.7042479458294489;1.8461154449717747;;1.4833281836963583;-0.10642096150887113;-0.08981000452812311;0.2678611799488558;-0.5747370491196632;0.07792281172457725;0.34799725350361205;;0.25909626875190034;;-0.9102890233759554;1.4157284211584715;0.7171596110025789;0.2123944191992817;0.1417839822225575;1.5059606498252205;-0.07873283114094663
2015-06-30;;0.863180906141553;-0.23290851568936993;;-1.0760553802008501;;-0.37756095838293596;0.850426830490876;2.0766420144061657;;1.6239770899915165;0.0830329807594834;-0.9548838534821913;-0.1310520661295678;0.20861430592057364;-0.23454906380641974;0.3850336434905298;;-0.020141268195263726;;-0.5132272897754824;1.5673677126452956;0.7296640314936207;0.24257809591118853;0.6908472909635575;0.9885130803157695;-0.04693610527147169
2015-07-31;;1.0863377782853774;-0.5326282755433877;;-1.2734918271120577;;-0.1598911157706765;1.3039813599151244;2.1922071948888466;;2.032765345385226;0.3479733152435324;-0.9391340128381978;-0.3329330038436176;0.9547541427984146;-0.40066510801006966;0.5686490808512186;;-0.21546576101416529;;-0.2370116281445156;1.6527465104346022;0.43813240093244354;0.7208830390650679;0.8963676691820323;1.235726419065217;0.30454173091367276
2015-08-31;;0.8547182890760302;0.31719875735148223;;-0.5510152927512981;;0.8776102273205473;1.2465089985800757;1.6658783638187782;;1.6989074126712715;0.16304996767187535;-0.5862406585195992;-0.2968906054880844;0.8985815995348868;-0.4174553211394799;0.4067784547673468;;-0.384368172323454;;-0.08013196854791713;1.1865032100303992;0.16300351040757735;0.5423424784461176;1.4993066878623258;1.0613197671774204;0.22488746011051564
2015-09-30;;0.7541343206607987;0.11874076829146617;;-0.8188661654295394;;0.1815851536907687;0.7955373048801871;1.3857330731073556;;1.812086776221875;-0.1401096701231144;-0.4430895173933552;-0.5111031670069927;-0.07339294853195269;-0.567053644000317;-0.02753241883675937;0.950595295548923;-0.41445517854584923;;-0.431381297756397;1.062270097540629;-0.09372756876284442;0.0070039362261676745;1.0748181032975426;0.9472249989241708;-0.25966213758332235
2015-10-31;;0.688488884640812;1.0128822808546312;;0.5388621933810038;;1.419783984990783;0.8857039483890666;1.0250756639252558;;1.5426580358785091;0.14033405652761974;0.4590785589523697;-0.10314854490142998;0.18701972576492934;-0.2652806026692768;0.08317428355320884;1.4148939882718425;-0.12192017966650394;;0.1858662518897348;0.994664693661681;0.14537603119328155;-0.1753986536397231;1.2769108855257163;0.9737445569566061;-0.15680451192840403
2015-11-30;;0.294865964020697;0.2150486316295282;;-0.06342154112099684;;0.9497647669982021;0.6849659460630566;0.4887299400732937;;1.4071256712275375;0.15940491114236358;0.06979180001054415;-0.48382879587534683;-0.03549292833176817;-0.4966760118593048;0.09832101592572497;1.4150158366682952;-0.28465673597294777;;0.18191054373114443;0.5230128288748037;-0.18949306566363186;-0.4711165201403199;1.2903944428824177;0.46557326794757065;-0.14151444787271458
2015-12-31;;0.25909948838524066;0.12751933530547635;;0.1512405891010036;;1.0869608705662623;1.3672812272310144;0.2675858070409559;;1.3604649381544276;0.7165668587426102;0.3068536642114457;-0.15368650477739867;1.0026704369107278;-0.2317805964699198;0.8769227367610687;1.5328411980235481;-0.1563150040843676;;0.9543219297860578;0.2573648166058147;-0.09374539193182037;0.2966749715821522;2.2624678353381387;0.6886581293125278;0.9872392826642326
2016-01-31;;-0.5501271943554932;-0.15484103149975564;;-0.6581131336650334;;0.05422355144255669;0.2562234322960812;-0.530545549071592;;0.7227393161287551;-0.617733711369528;0.5460953549476814;-1.1309569831785113;-0.6516295575911684;-0.9170149710097738;-0.5780423910422677;0.7312439414047848;-0.9370641809125484;;-0.5687073325020491;-0.8825881098436148;-1.1357516360023532;-1.0081953567944493;1.7878251066865505;-0.26885759431681355;-0.4653275062643753
2016-02-29;;-0.29273670637209603;-0.35318641418815344;;-1.3963697570353717;;-0.8952342604619077;1.058965223059882;-0.30868285083596025;;0.6992791909342643;-0.3267786770157665;0.027557061514192748;-0.5453764661197877;-0.2100518277035437;-0.5184595693250262;-0.29327183084124436;1.024599772588345;-0.6726309332636685;;-0.21160645496577513;-0.839804063763737;-1.180183886867661;-0.6363408872142848;2.3695665933478103;0.13670360132186618;-0.18180773256065744
2016-03-31;;0.1435329804868736;0.018583380812401053;;-0.7971464201365412;;-0.37559390644663093;0.9770888948060051;0.5058619683416604;;0.9057695833442054;-0.5236335580222968;0.5879708294282637;0.048456438151457296;-0.6340863549559922;-0.054572348430319335;-0.4834441111569644;1.706600875703907;-0.18068012337122344;;-0.33029273640412393;-0.21572802704272465;-0.5231456909901414;-0.6132616336035538;2.036905497266898;0.4183280739877959;-0.6170156529291523
2016-04-30;;1.391662848345946;0.4388986452554374;;-0.5902962580716364;;0.4100949335633268;2.5986223533061588;1.9275153831079206;;1.6902539952117634;1.036580000959247;0.16281041879771238;1.7759812418948102;1.3622761368376817;1.2336096336041746;1.5768196005036756;3.074498652459189;1.159018893033087;;1.673981534041442;1.3591462088304553;1.1476424576444377;1.224110977186171;2.724358753954251;2.070629639642318;1.3839826144414589
2016-05-31;;1.554662942834469;0.708681666659895;;-0.09818048974494296;;0.8376832164800804;1.9160839915297663;2.4837355777494023;;2.0148679599646004;0.7801209029548072;-0.05020091729632506;1.5969527286601228;0.7980509431720357;1.1179165748601;1.3306994059438921;2.9311522119918205;1.137122513387852;;1.629857335453907;1.7357731321937842;1.5020499178532392;0.9205371347727273;1.5562071793932826;1.843255762890353;1.0050889043050084
2016-06-30;;1.3404676774321163;-0.1528191482066671;;-1.1914265933040316;;-0.4407866155078905;1.069388592450138;2.091154163710774;;1.740681977597026;0.027828866635317653;-0.6110173944732109;1.2114497263426236;-0.06308732546332527;0.8708345592345448;0.779081975584277;2.2658283468576608;0.9008034044246287;;0.8450767591597845;1.499025507535364;1.315832450168771;-0.010815399489509712;0.6547417783246074;1.2258147681486047;0.3150878322991998
2016-07-31;;1.053240886675165;-0.7576995281560623;;-1.1594643024933131;;-1.4277666796795208;0.21228388742802867;1.820917101583313;;1.5432317694849855;-0.7628952674552587;-0.07272648495926977;0.9681569775755424;-1.0688920925817769;0.7048315798932866;0.0503490729715499;1.6019710981426158;0.6850531112853466;;-0.20089311747848626;1.247039130933789;1.226578972468016;-0.8328645007316694;-0.13628343672301352;0.34968044851243163;-0.48303667126060745
2016-08-31;;0.8927808976789324;-1.60287336057058;;-1.8327604699339217;;-2.4442054861565468;0.33034378132826336;1.5105542502758302;;1.2234845394004732;-0.5946723791189364;-0.4576746731900359;0.5248116015958219;-1.1090815887407115;0.4460802291592088;-0.17767412531875104;1.2765373447480433;0.5303252435794588;;-0.39550010034257277;1.1183449693051857;1.063601506833397;-1.132336311799981;-0.33379000685423377;0.044121104153896036;-0.6719857979176868
2016-09-30;;0.6507248038809785;-0.5599526242995834;;-0.8082737300025498;;-1.5941093738588894;0.6142064847155069;1.0803884704315103;;0.8321737789758299;-0.4342857024717558;-0.6507195262570393;0.41990244105652047;-0.740803457087253;0.3418072907688285;-0.1895175174040527;1.090582520988719;0.42191663554633707;;-0.4229344707187428;0.7611338718288349;0.8587461490047541;-0.9122478495895913;-0.28232068719032;0.09051897685530487;-0.5848625074052205
2016-10-31;;0.4695588432434099;0.2733422994848333;;-0.060864063598039725;;-1.5317361410679269;0.7645012375850463;0.7224844959546961;;0.6295343309411079;-0.22373557416335924;0.09677212520410444;0.03216521302232396;-0.371725185313965;0.05523370294096056;-0.33761276085931735;1.2698084778775063;0.21945869983003044;;-0.25506680539723187;0.4634031423612882;0.4805371087265503;-0.9431157927562935;-0.23245866822195463;0.29742057976629843;-0.47925802334856293
2016-11-30;;0.6960289989856634;0.6117386295318714;;0.13247989129195323;;-1.087931249882778;1.0734296823137424;0.7312937975998859;;0.9273689424987409;-0.09446095059165079;0.25314444463936286;0.6898188692369501;0.049199486600338724;0.5129292099658669;0.01684765344577095;1.961053220520242;0.5972857112909961;;-0.10218815512664278;0.5594249601863986;0.7544321733347973;-0.3249148435848031;0.5453927557499532;1.089724740973093;0.20492684876747774
2016-12-31;;0.6045380497581373;-0.03317060189769328;;-0.22705888499938118;;-1.4044258716705933;1.7694905134140944;0.6090341274972877;;0.8142281352871092;0.3027358208061565;0.3616379145786611;0.6671823285699828;0.6207819413872253;0.495450649628849;0.5992393595497966;2.156840497828281;0.5985833371872238;;0.2554488191546511;0.41628687735501;0.6494428029354437;0.030571520926100694;0.9966281186390914;1.2803981286725157;0.9913367294762129
2017-01-31;1.134431548380571;0.5396914936693707;-1.0737779305110973;0.05700789009924326;-1.4542440091798179;3.0590915310884537;-1.4922814957447166;1.873192339633306;0.973527185599824;2.58047808823779;0.7903881697261717;0.9754419147078741;-1.3911728315991192;0.8950825470231373;1.0534197953333584;0.6881984111014751;1.5586596449946206;1.9313784049623381;0.7607840318427133;;1.4573012066103417;0.6654310269082697;0.8449655666154974;0.947835591424896;1.3634612131584742;1.4283271883993163;1.6318492795304294
2017-02-28;1.0206046273738538;0.07789616213262925;-1.4088102167294227;-0.8004207878374671;-1.9260409940387972;2.7250297227809703;-2.27516435612278;1.2005590930434074;0.8674603783163883;2.1218583670026914;0.12021113826459497;1.0419935674600198;-1.356433581413336;0.5761840910536767;1.1522532996860342;0.5006272078837459;1.9279192586266007;1.0691032222811208;0.6231072512009085;;1.9434243620898524;0.37826990290636237;0.6967222525979921;0.9268486202017802;0.6615640499881866;0.8457379425697205;1.526770501835885
2017-03-31;1.0919004740394371;-0.3169708905009359;-0.7292831638433128;0.22434633326512354;-1.0606318791845035;2.181000238032348;-1.295188918255153;0.024022599291794282;0.9164753966230232;1.958518760907168;0.10986382254629888;0.7805183922828571;-0.6223897244152792;0.4971544435255142;0.3871140897830588;0.47239658759579134;1.7315923713082215;0.6074008325582702;0.6085625575299743;;2.17596332215911;0.30378453442683245;0.6585693068776547;0.9396169140151206;0.1831197116803575;0.4786610914263199;1.1164116058676248
2017-04-30;1.482330050647688;-0.16974595486015356;0.276764316144518;1.2864560212465623;-0.045201526100119266;2.043135663239575;-0.5202723193179833;0.08467291473667252;0.8993284858622704;1.8823905261227667;0.11973855852720525;0.4869602128065029;0.4886883824586949;0.31394833786085946;0.45884057366127873;0.3196811391148082;1.4683113375153003;0.038927981772607506;0.4044941224111334;;1.3198629452170692;0.09767805266307045;0.38691096439140626;0.8855326148654213;0.33580692463339534;0.32716837571064533;1.13251281291907
2017-05-31;1.2671021104081062;-0.06091040723875603;1.0941845914718118;2.202345125481695;1.768198886210428;1.7390370773888901;1.4930455910259586;0.2467873257147715;0.9185956095060184;2.2547868148635914;0.33719264934312615;0.2792332333831456;2.290250020389473;-0.014432146795909578;0.2768975576561915;0.024279149714182737;1.2100158782859505;-0.41133741175122257;0.03465639433112527;;1.0568752380799489;0.06444279618850175;0.14313695320037395;0.8332268619619116;0.5429696112234381;0.12459001312102695;1.1683852837812028
2017-06-30;1.1723505418096867;0.31127752480480625;0.6772578280216592;1.8827005356889481;1.1314163041908427;1.9270687773913795;1.2753762478746884;0.9206805761281902;1.092095600283527;2.268397377093599;0.21714274223143748;0.8280791234232003;1.93145463668452;0.05382626256953278;1.3193681390374283;0.0683047185991764;1.752971397580252;-0.30643768745699657;-0.020272858262242295;;1.4464563027070423;0.320567047292044;0.22686460396326402;1.1840247264835098;1.3170857763562938;0.6423586673217186;1.905878248067363
2017-07-31;1.3837143900594746;-0.29637611441249456;0.18497148113168446;1.5523486217114;0.8089802455233791;2.0056451288776294;0.984498690437388;1.205764693097671;0.23386248857159608;0.46475077348120447;-0.920731684767891;0.9190764073113927;1.089130400841809;0.17480272517286335;1.9923668000631194;0.1726107162555833;2.6096479063197138;0.09591715739114874;-0.052008222328074345;;1.934161517832887;-0.1419588135261002;0.09656260285853693;1.3826852074470655;1.6705107313605156;1.0885420246377988;2.7679774885515642
2017-08-31;0.6113224997968908;-0.23958358676775882;0.6895381075494819;1.8836698158991771;0.7312160471073949;1.7507499948042002;0.5193237360876017;0.6994061645181106;-0.03669902611711448;-0.10453892259078831;-1.0778449372639662;0.6335040003034111;0.7419214122389998;0.2866105499749768;1.5645636336268018;0.25830899498160864;2.0431705593100564;-0.019981179798037874;-0.0020773626521883165;;1.2732126802089876;-0.15022435805508771;0.13134425338318315;0.8578477229853924;1.5066279899051238;1.1201115460530553;2.188702409867955
2017-09-30;0.7186393470788276;-0.05697923641702241;0.8716310571189532;1.5541557118245164;0.6712034327052598;1.3179709758480505;0.21339482161986295;0.7636401947554671;-0.33485413316306645;-0.7358131319221637;-1.029003999137193;0.3916701711905624;1.0077883263852756;0.8052247862472262;1.6466981584194609;0.6326188354337163;2.1045604882730125;-0.2719315152717179;0.3061819468030208;;1.3405258253552532;-0.18930914929400505;0.5158827202612541;1.0339359872989626;2.1334819368699227;1.2035697641261285;2.239703373037351
2017-10-31;-0.17387446531824444;0.5853707501880783;0.8877303460704034;1.432737144749325;0.7665390569160516;0.25342959447982377;0.6858959912457989;0.5892140189793968;0.2126421751374832;1.0954596622494899;0.27472291158553835;0.3021200324451131;1.2085294204556623;0.7088741172388205;0.8857301206474731;0.5447924130696864;0.9884498447643659;-0.6002638049218627;0.36542630504742857;;1.1144967856287762;0.18905165724529258;0.680886822477;0.6500460101670842;1.9399903696933485;0.5731175395771902;1.4191892963199548
2017-11-30;1.1201406657981028;0.7375936040596174;0.3184181412881872;0.6088876219420601;-0.14176855062194443;0.3671717863442075;0.22614562145182837;1.213352450140275;0.48585877103921843;1.4543532314489855;0.6297888769090864;0.6940490129122612;-0.3417888230958063;0.7834121236584971;1.5000878779711584;0.6395074933582081;1.295929386095531;-0.17310071687015094;0.5657514648565003;;1.701184771404443;0.46143177215539316;0.8746697990532873;1.2096711037993715;1.6927500025130642;0.7715845233596953;2.0749341822231653
2017-12-31;1.0853135804005714;0.5829661429885614;0.5970247926119281;0.7506648102810474;0.7017547700893377;0.305294241656316;0.2018326826111831;0.6154532500044771;0.6527260382179106;1.876828808369656;0.8619671093018506;0.5118056009880193;0.11467483735688286;0.0011232606069547946;0.7333102546724121;0.069931181655147;0.6376842773055732;-0.18080801808925426;0.167685518188982;;0.8769032226378408;0.342138658182677;0.4139118025083013;0.7108004154174421;0.19758888249599804;0.3550984765669805;1.6131152433610478
2018-01-31;1.4903066135819776;0.36013677065869065;0.5966245835769162;0.2600804368265471;0.9877246577599492;0.540369611149817;-0.7577718405327983;0.3852609286302809;0.5661606011167152;1.2993328497903012;0.748249275170129;0.36399402778223894;0.3542104687008316;-0.347603196214099;0.47641098928299663;-0.15930334097056298;0.7615569960462024;-0.011626639874269417;0.013755295641144347;;0.7531806445939673;0.2272921082935617;0.3746560796717196;0.5984990069794635;-0.3041830736587279;0.29123365149479;1.5857512569884735
2018-02-28;1.0990922446037057;-0.8183621840969522;0.4097411309554877;0.1586130176206767;1.3016503988961146;-0.19065425839999592;-0.5274427146977303;-0.3106208125579306;-0.1763418916711387;-0.18994717274925355;-0.4365480068282348;-0.4110582934161501;1.0672729805212737;-1.0603871450149003;-0.5238376763664064;-0.724661359231642;0.20308725215577117;-0.5524674066631317;-0.6432287671396506;;0.25315305617738276;-0.6381761123180157;-0.41515883821102084;-0.003024525220299493;-0.41418105622254486;-0.46390545654636517;0.7937065271113913
2018-03-31;0.7574836755673677;-0.6820902499161384;-0.34163637713781075;-0.5100491634937157;-0.2442848805256395;-0.5266465995703882;-0.7281305936187387;-0.7213046439834849;0.06873663882808283;0.16574852603381457;-0.18680639277442104;-1.268169142839907;-0.6484415588619502;-1.2736372669161982;-1.3331485203636557;-0.85121332581674;-0.8192713394000246;-0.6471315196399337;-0.7438306860805789;;-0.36520480418581325;-0.5171705675737805;-0.34435901870776275;-0.644633905228965;-0.33034010763099736;-0.8506030549842437;-0.33045399166573475
2018-04-30;0.14861463233443706;-0.8808042144755589;-1.3066457759761523;-1.5972189552015938;-1.8380151527768778;-1.2848015221549516;-0.7621521369025545;-0.7643778393685524;-0.25008474843223605;-0.23613209194264154;-0.6589340047370003;-1.3273346958260255;-2.3310208461091237;-1.4352264340746532;-1.2255465308665423;-1.0256329484959636;-0.940172473869578;-1.1689561344950576;-0.9920713788200154;;-0.4523399171266837;-0.8237773936619677;-0.6966002952403642;-0.5453776566477824;-0.41401096771398976;-1.0350048273564154;-0.39836382396934683
2018-05-31;0.518609054393418;-0.24268908719224033;-1.26420619815832;-1.2688287315248035;-1.8244760893429217;-1.2495897941204146;-0.49399953506373445;-0.06320452756753407;-0.02798815512934989;0.11263980224110029;-0.24562709496956317;-0.6957034860423313;-2.1483466319858104;-0.5977013390239487;-0.04505582636928112;-0.41657859350487203;-0.03650674382755041;-0.6996616453016962;-0.418737253732926;;0.25739133929695474;-0.6116713030874925;-0.09352116455655389;0.3003067624245703;0.2088944642830677;-0.17817480235757882;0.5543133473202079
2018-06-30;1.0897334161792769;-0.19218309822205398;-0.999640103652206;-0.9393289432905286;-1.4114486534961594;-1.4812750207208423;-1.1251194194241008;0.5677857447268845;-0.19461020227920003;-0.0667259501493501;-0.43324908006451773;0.2637229120577447;-1.501334640474472;0.03222462172514208;1.0332086098855422;-0.02897698733939976;0.8379978585674739;-0.515243121597329;-0.12980490809565762;;1.1755353709693606;-0.4969864174705013;0.10716811069087853;0.8602579691793668;0.2738917783109473;0.37661216924012025;1.6033103009694039
2018-07-31;1.2604411621288005;0.03739089994728227;-0.009716835047036503;0.28154096939082374;0.13600548561816794;-1.0964228532455407;-0.7848813010083805;0.06404525362594402;0.1200785045255136;0.6499149938482226;-0.0566912923792124;0.09058408708497712;-0.14126118934251378;0.6245213232755092;0.4098398924574194;0.41456224836719086;0.2540900262567233;-0.3994750707378217;0.29370525453342644;;0.904244578127412;-0.02671823272103207;0.6491785277614536;0.17229705200907466;-0.10453399682636286;0.44653623660957303;1.0121555727387404
2018-08-31;0.7723977254424537;0.21611756426471793;0.30343683589022;0.46304909094718805;0.42999641523792653;-1.0138085192787354;-1.0664173892198499;-0.16541284486810315;0.4210987754862023;1.066643885382181;0.4221222131371536;-0.08652980287308931;0.05954594489353641;0.2897784533532878;-0.4217550689043182;0.18746735294686942;-0.4242651941386112;-0.7228873931708956;0.15672308061606652;;0.3992751447004751;0.39860705849194694;0.6595197939838833;-0.6001054657522208;-0.7703129704733652;-0.04117354720687042;0.468133731509278
2018-09-30;0.6554855408912008;0.10074606265404161;0.4782939217648392;1.0544500431049584;1.701014445720838;-0.3394564784054703;-0.18798771392989638;-0.43081735000073684;0.3117590457406338;0.8290673965815903;0.46196564133111334;-0.3608908067024052;0.5321199868753566;0.10015455083100112;-1.233749987440679;0.06546672616056709;-0.7641834673027944;-0.7603744749900938;0.01695529624257243;;0.23947418096336026;0.3081732958079353;0.45527354933401387;-1.1093256175202901;-0.7514213089195083;-0.05904659413643594;0.013511163423469327
2018-10-31;0.504957544846974;-0.18272837287110255;-0.6421814855137288;-0.015762762356263484;0.7050142649961756;-0.39070962769261713;-0.24132885308595756;-0.7176638960401268;0.030189841680127272;0.1406136665536147;0.10210982682629502;-0.5750463849233399;0.05281670815385816;-0.7384017295290268;-1.38901351083761;-0.535378941142212;-1.0199562556689834;-1.0780391454579565;-0.4452088076128928;;-0.21652697835376558;-0.05242265343100571;0.01742575385436897;-1.4057193658573024;-1.316384761261194;-0.5249324092655863;-0.21217920187725164
2018-11-30;0.993023254737264;0.07792667392446652;-0.5964594590919587;0.04066433532627254;0.49115093187848285;0.6272140321957493;-0.08405578669540058;-0.21954883786650847;0.14807570366969447;0.7620464961693387;0.21711184651345652;0.09432701082665607;0.09717579181518984;-0.21536494497544117;-0.362052449862613;-0.17846696438967172;-0.1336671114897619;-0.517783653131763;-0.12203730660760247;;0.46065469767401784;0.07839857930118793;0.14657101601994374;-0.4224131189942825;-0.4323205386977176;0.21381892210101902;0.7891183161764147
2018-12-31;-0.03865717584517375;-0.935503243664909;-0.6870567862058412;-0.48635526127040835;-0.4672858414999206;0.3297961500352982;-0.3459412914272676;-0.6439232933409956;-0.5107181738556306;-0.8777632820799133;-1.2448103208880366;-0.2675052455015837;-0.470969187777001;-0.4306420592474838;-0.20166093354411957;-0.3616471525151564;-0.4205389558553208;-0.8681434760975579;-0.3086226631233639;;-0.21855554106520403;-0.4881181529417139;-0.3043736668558159;-0.2366376507311259;-0.623907382192588;-0.26946512539701173;0.5197409567589946
2019-01-31;-0.12759162926497056;-1.2315069101866856;0.06053837937136726;0.3051252804563702;0.012014451308362468;0.9719432472640623;0.1487077641105335;0.899377693837225;-0.516549396468391;-1.1085449535149363;-1.5275202545161701;0.7085756534800989;0.05134636149742028;0.22356222499331374;1.304431869580634;0.10463359399592082;0.7493613315392336;-0.22822236496102624;0.007358520168001809;;1.2618412472959954;-0.47897317109284254;-0.2401366445038984;1.211200853492199;0.9784122364601492;0.2030900629996173;1.7134052458506428
2019-02-28;-1.1251644438635477;-2.239709022957271;-0.47939787669754436;-0.501211540763039;-0.6973882026137131;-0.03661694236343534;-0.07029455750935913;-0.10554684427152598;-1.3042816148759873;-2.201288497996636;-2.3432248422879485;-0.721621740516627;-1.0351878541874553;-0.9285789029075865;-0.5154541116512051;-0.7467293659991552;-0.7929421385857464;-1.0383203558785954;-0.8990135690949947;;0.2645483976489596;-1.3935884378137247;-1.1929433425649758;-0.015057505742311475;-0.036501960491835975;-0.8903914768813999;-0.2039352403329417
2019-03-31;-0.609993155095428;-2.090671983291077;0.3744747653767033;0.2572729450292643;-0.12408196072409375;-0.07701040970429641;0.2107926899221634;0.30068654374156334;-1.4977523089863662;-0.9331847293485213;-1.391522293772824;-0.6575946672838132;-0.4582494841749612;-1.5551326486455372;-0.5120958712771033;-1.2820836713798582;-0.6887947735147241;-1.0475570798031395;-1.4840716327566312;;0.7160119423440372;-1.870484263087886;-1.8842535112971373;-0.06685588773965605;0.19020111265550094;-1.032407641791764;-0.23677717136490398
2019-04-30;-0.4312356232556022;-2.1479880235689617;0.09212237936921538;-0.23001272342084572;-0.4755692066379542;-0.6237326816684868;-0.9022071227158047;-1.1042674635086331;-1.735850510131991;-0.8321507334434223;-1.123297289742844;-2.025431405300705;-1.4178757829841668;-2.19819815775595;-2.367369281311958;-1.8612353616474229;-1.923159338924107;-1.4826734245650324;-2.0495295385448533;;-0.8875537495457646;-2.152113926956191;-2.4287456833071013;-1.3095914467489052;-1.325576607417931;-1.3741167062119652;-1.715349341568193
2019-05-31;0.16217741385651782;-1.4349965085598602;0.10719964344077272;-0.5112449505124199;0.17942792649488887;-0.48302711346105554;-0.8579211788004348;-0.6627397884865256;-1.161495577404422;-0.012797041570081899;-0.5116587880453153;-1.3372773873103798;-0.971952524283969;-1.5819701148941712;-1.444041206527877;-1.4962781787522308;-1.4533219476878183;-0.890730507818976;-1.6312158450681142;;-0.6643232555437648;-1.35474207381069;-1.7717782094608958;-1.0050599100742965;-1.4074722286460082;-0.9559550537798964;-1.1454632412900683
2019-06-30;0.8229794309126257;-0.5868750807979979;-0.7854821805029917;-1.091874933549926;-0.28603703994282836;0.27762690531621553;-0.6589989653575342;-0.40329166540391054;-0.257756174319229;0.3049337620897174;-0.10741166089741125;-0.8896649777723727;-1.4490224247772614;-0.4335752534211806;-0.7589048229529006;-0.6965388090075828;-0.8407745791325814;-0.28357375709828136;-0.842004392054372;;-0.09616118260912086;-0.2272965769594434;-0.6025036221261831;-0.4617175287848389;-1.2125414668016878;-0.20347068680857958;-0.4712639067771741
2019-07-31;0.6376079480752103;-0.07553125941367067;-0.21117317384138204;-0.4966904983794548;-0.005470799003330534;0.12854062935384178;-0.10751784231907567;-0.1397456965664172;0.17633549871044135;0.7890899691641358;0.1619305013544421;-0.4561946878207543;-0.8046758126278298;-0.5495807960052675;-0.379050581472419;-0.7752755383248513;-0.7155192341704993;-0.5178963490915123;-0.827011790983717;;0.18152764834584073;0.07847464786161817;-0.43564201933357066;-0.37047699584969807;-1.0343005047369298;-0.3321741271235384;-0.2942948637360857
2019-08-31;0.8797323121652716;0.11758816066753228;-0.04992930357525898;0.29260473380108326;-0.23391051742294397;0.572092493212722;0.19021073380883174;0.06457660380156734;0.2676971125336425;0.6377370549112523;0.017088688250854085;-0.08360191319752426;-1.0727019910074977;-0.37194308566085493;0.23307058359473212;-0.6137113306263962;-0.01201789689998757;-0.39409624462031667;-0.6630581586347987;;0.5244782180579329;0.09034557851726323;-0.35341351427730233;-0.050338998338548824;-0.07239585049094246;0.0006701596911108932;0.3263858981871973
2019-09-30;0.11093175997286972;0.07986190094466501;-0.6801655258795578;-0.5478365699916072;-0.8550359481462266;0.14716379951724678;-0.7631142758751712;-0.011775514262392348;0.21920062570738666;0.47614789206456276;-0.12362184731781278;-0.3890702911670741;-1.4089593657398602;-0.849402212737957;-0.08098606926637184;-0.9073282803285232;-0.15807180660245934;-0.6064476540629149;-0.8401073285436521;;-0.026099013604700964;-0.017546593128173617;-0.6590417846086374;-0.40222550310210226;-0.2308069691316531;-0.3340005876070038;-0.023431873647953832
2019-10-31;0.5026074859120312;0.01626827724627355;-1.1169148793656765;-0.42830640791454827;-0.6525693215761644;1.0452155735898212;-0.08251518987973389;0.1398899578775241;0.192056144410734;0.10639965056305473;-0.3828830461034563;0.14181055389865851;-2.0340080935700064;-0.07406647509942346;0.5062440875073418;-0.31906699351023554;0.3984162599041474;0.053367355911953504;-0.32023628507846263;;0.6115062195324542;0.3059308292101304;-0.23294475050480284;-0.13123945676068602;0.40691514554923786;0.24675035185142868;0.5025471301156137
2019-11-30;0.14409076972436194;-0.12920282453073742;-1.255130937346129;-0.6537814674701234;-0.44430881767900693;0.8728870495800035;-0.3217620761077496;0.31176106288469624;0.06990054486896051;-0.0202691101043613;-0.43062749910400266;0.2884213202877528;-1.1797501312555132;0.09709753849170645;0.5887644117454858;-0.22388304553827548;0.575610358297364;-0.14896460335880515;-0.2080014042216704;;0.9349500432453122;0.29652342405320914;-0.23832979854269928;-0.0020388062851306767;0.27725904922525;-0.023044572962653657;0.7819284199136224
2019-12-31;0.3030090617135911;-0.3077007089420136;-0.6474896362904364;-0.13246691896198798;-0.2353348196156016;0.8782158811852981;-0.24953671061073063;0.4642603655298634;-0.068676776065549;0.28203524151935616;-0.39272444706387205;1.3890060437286758;-0.31876644697579815;0.2877618116629601;1.6301013201701375;-0.08501445593130336;1.1594183325231124;-0.05784400714927444;-0.0268285292829611;;2.07493243590998;0.29337176235401885;-0.0932563422122811;0.4428331795873823;0.7902912973384464;-0.10318951727900559;1.5346918052151548
2020-01-31;-0.4513275803753746;-1.0566120319032448;-0.15534203830101811;-0.23097639497518432;-0.31058219417337224;-0.35382342984103365;-0.7357948594053643;-0.5511799826225765;-0.5838939710764431;-0.4572370889374248;-0.9970481555920677;0.27031431515342763;0.6952695566135311;-0.5267927920056635;0.5567663301448074;-0.6709263634056037;0.20674560813851156;-0.600614802160411;-0.5104842999613762;;0.8905936623771732;-0.32317718208658;-0.7045823767629272;-0.3394109835318941;-0.429105818134482;-1.0081711643169147;0.47291270742873615
2020-02-29;-1.2363164638584747;-1.8637514003555982;0.995423958150316;0.8384043693226031;0.6685613419114185;-1.0222094024235104;-0.6410500949125318;-1.4885144326770146;-1.0396950526527358;-1.2151880925397414;-1.52350840021436;-0.9225654156168576;1.343479441706377;-1.0782344473899885;-0.8971047843839598;-1.0516940065789304;-0.8819150132565872;-0.6758849545050052;-0.8580045290237368;;-0.1786998329730191;-0.8243018064403346;-1.1949226582134835;-1.1568092714552471;-0.9651704618423574;-1.5897937534313762;-0.6939472891880528
2020-03-31;-2.9105964926272327;-2.4908343431131827;1.0164166403183312;1.0417787887534067;1.3651486970570577;-2.1859903519011517;-0.2304089888427319;-2.4630082577126613;-1.721261197792914;-2.352569923679255;-2.2113927705355527;-2.4257665049724344;1.944752193186202;-2.2442148291448;-2.6018758315541923;-1.9085609751012143;-2.4262766478912066;-1.6042043972480269;-1.7400937239979368;;-1.8194454328789913;-1.8354906168625098;-2.227903720570888;-2.325811219226873;-1.9967496436825996;-2.665518990579576;-2.250324549003047
2020-04-30;-3.009247516192758;-2.0432663771018817;2.0681549125345846;2.2828651679446557;2.4174353601429175;-1.7372054244055501;0.0845981328560423;-2.132051305000669;-1.272828410141842;-1.8911038200676085;-1.8453326073239336;-2.0808750408001577;2.6486408408330315;-1.893467491522404;-2.027008774065784;-1.680210232694079;-2.1857708786026557;-1.2572462169147363;-1.5513680388539421;;-2.048953060079305;-1.6330719830083413;-1.9882454863644294;-1.988232886544856;-1.4353956287696539;-2.250014617364123;-1.8362589484441596
2020-05-31;-2.8435887044691883;-1.4867060504673735;1.9354852121628907;2.1869471565485017;2.12673908869637;-1.456313138596986;0.4609288461230287;-2.005311088461525;-1.175048001700822;-1.615374021776202;-1.5948321772501153;-1.7277159127179589;1.6564915819310684;-1.9175162760009872;-1.4473929184229333;-1.747670738236889;-1.9157933570995769;-1.2835226927482315;-1.6248806928826083;;-2.7083738321493946;-1.6346349464988197;-1.920511152075529;-1.767825914272856;-1.4743514201058807;-1.9464150550443686;-1.4784460065230878
2020-06-30;-0.8621729922097064;-0.9966919523452799;1.9387031457982098;2.1777081198811876;2.0664564779359966;-0.15476851843896364;1.5624729537668802;-1.224508354990164;-0.9336409517906247;-1.135921363136186;-1.2521115570390366;-1.166599899512313;1.590383755476623;-0.8734434996369244;-0.4531044988731734;-1.0514871802069532;-0.8765955579010506;-0.25403841493956686;-0.9369264954190343;;-2.6615460048757105;-1.035583792821253;-1.1360280654412884;-0.8291845766778001;-0.912381570535482;-0.6510748814933475;-0.3258606276308893
2020-07-31;-0.187825667868778;-0.709746809470236;0.5597694670382006;0.7882082506836159;1.1927401122119572;-0.05836032699649383;1.2218337279549596;-0.7564392295062095;-1.2666504753771868;-0.9118122204048767;-1.0564002977883293;-0.8837572164468557;1.1874501912099664;-0.5892253649679504;-0.21644886223159587;-0.8890375964592219;-0.3153397762371853;-0.14079095387887197;-0.7533847799961624;;-2.078416496795024;-1.0825241705895876;-0.9064474666626312;-0.47867788256511995;-0.35739748224542944;-0.5273647067766046;0.3200166247992718
2020-08-31;0.6517415114452089;-0.4818643401455205;-0.5329233152731384;-0.3510637810317745;-0.10842477835789226;0.286588727928858;0.16752729076325773;-0.22110175665975057;-0.9164634664441655;-0.5668870212912289;-0.8898395851810872;-0.31205906884789647;0.3756550762358246;0.11621744362031727;0.3110742161577692;-0.31187975795984507;0.04756692569557322;0.405468040972525;-0.14139276618997118;;-0.780486796593823;-0.6718316859613965;-0.22976538300127186;-0.015412662292755862;0.2840882034246404;-0.17334508255793388;0.840249015585336
2020-09-30;0.23344708492352945;-0.1916393894770532;-0.907683644138298;-0.7721993854563538;-1.016008266473235;-0.02577174778908684;-0.9288911535760086;-0.07236130688756122;-0.5898422676778834;-0.17403883988354557;-0.694413576365174;-0.27978554356003493;0.11299197164165832;0.19953579422691042;0.08650176161834369;-0.20854579308819554;0.06596911633804856;0.24685387691980148;0.03246011916650685;;-0.053684150435520515;-0.31797310541025087;-0.002751777530895506;-0.10837268415460748;0.4097914869669721;-0.5040655272664537;0.6616600715270774
2020-10-31;0.3431986028856741;-0.4461589472235134;-0.6558012670830177;-0.3007494307020157;-1.2686260958238853;0.10783098632060968;-0.6306895583661832;-0.29610652291144846;-0.4998155462755117;-0.153496824354701;-0.69396990049662;-0.6644007433253005;-0.38737310806098507;-0.20774638092374303;-0.4034786074095739;-0.4516876520425583;-0.47018113815675827;-0.06596429557980814;-0.22073486222348304;;-0.46589328442698585;-0.3520403959571422;-0.17365471989733386;-0.6526382534034334;-0.027106105125508827;-0.633125454790306;-0.08935070872224107
2020-11-30;-0.19018911291258545;-0.42124533120257285;-0.779433192113029;-0.4725968309734593;-1.2300534822469917;0.0800101779199363;0.1338202567231162;-0.49308776365493445;-0.36456270707364524;-0.1833795030747925;-0.8785133723331955;-1.079536905450334;-0.5169823325763353;-0.3463374360629682;-0.5333284165881529;-0.5957427249741344;-0.8688991797186167;-0.32981840960334524;-0.3606381775955301;1.6037989038695402;-1.019935828782761;-0.3063801906084899;-0.47501036994326606;-0.91064185615922;-0.13882166904231877;-0.7246661978131219;-0.5218729369190269
2020-12-31;0.4193815868706154;-0.12341898569685653;0.06713806062344173;0.19217300472375937;-0.05192985090185407;0.6992263961709048;0.33082473797059925;-0.4514272040302882;0.12375557533262842;0.13143658898547492;-0.4614771330265531;-0.7996388008702372;-0.6188003204793912;0.014085709074438636;-0.6350440761667937;-0.35084953820673287;-0.7404426203040124;0.24477322064702664;-0.14505130019848497;0.9111541351171679;-0.99187850744406;0.04974059882273493;-0.28953394571892893;-0.7244058359369003;-0.09709209989078503;-0.1226453518364361;-0.1929996909770293
2021-01-31;0.5474942260684537;0.7140806304697109;0.23203557807238795;-0.12450127793158663;0.16236701264434428;1.1866583123393546;0.20908828941257654;0.5310924122226363;0.9082857523040067;0.8007259558102893;0.15836809465326399;0.3643425919960468;-0.5526711906096264;0.7662121147845401;0.6777123979606722;0.2125004029650607;0.38070770462461384;1.2443855877122028;0.45023641607239534;1.4878655199401654;0.6282099505089697;0.8365053841693468;0.2534049940020195;0.3659569534618362;1.043594389516941;0.45643037659054353;0.9987512443717246
2021-02-28;1.0150042534254713;1.1629502720237868;0.5416867869145396;0.17982892454754687;0.20621119246411632;1.0466655114522345;-0.6008635851785135;0.15429683385472706;1.2449605579086167;1.3209535518738489;0.8422409010249485;-0.006759240212333903;0.575270081636473;0.5911191588421734;-0.23692705745161435;0.1684235328265525;0.07943099413080146;1.443256227836807;0.4877781362145065;0.5999234167808399;0.6411049226146697;1.0889197345773787;0.7184884051216117;-0.03111857733041036;0.4925557814543279;0.29526066180491584;0.4536908635791008
2021-03-31;0.8236745091714983;0.7732080886847301;-0.2708956977352541;-0.558968768045214;-0.7819867181822686;0.8113891701138066;-1.230231610786245;-0.02803321493689465;1.2217385641414182;1.0445496606332958;0.5557742084570109;-0.33461136367812666;-0.37399388507632586;0.40413780862674586;-0.3367468354789146;0.08651533588733878;0.09538485911813413;1.4155658989140654;0.42482830671445637;0.5957783549519987;0.5516312451979858;0.910187370170733;0.8661681694351822;-0.1969567307236062;0.44890365441342217;0.032735247885563604;0.2667739594659199
2021-04-30;0.7706435981907173;0.7620421773654595;-0.5650819839877769;-0.7680724029872147;-0.6820517406047681;0.7514061476549517;-1.1038874454502283;-0.6448873957630478;1.1393910742387947;1.302476224541022;0.6026894193333717;-1.1177773845108936;0.10978142388007602;0.4026505488047605;-1.1763088971516307;0.09236469553959684;-0.5841597493859404;1.2476428948010185;0.43698125035914887;-0.3550918737485729;-0.3683006128340994;0.8014700502012817;1.115194629269583;-0.6446038049648349;-0.20158847858902823;0.08023164601712027;-0.5276989737568549
2021-05-31;0.44394915029144816;0.24216962007216933;-0.07141821616495453;-0.08982641763895491;0.026133633399342788;1.1220217885310628;-0.6353708218239306;-0.06518456216351075;0.36410781252580554;0.5306868533969242;0.010963351344265388;-0.6168705702164681;-0.380150928695549;0.7387164260816522;-0.3680995287874535;0.23634190610929912;0.1523045362682388;1.3036058163573008;0.4274898966060268;0.2258010305093553;-0.11267618792112648;0.16452206880663411;0.8242357379152526;0.054979168491608964;0.5964898245024857;0.3866523497485054;0.19592804499149066
2021-06-30;-0.5798262521877477;0.11881603097210258;1.0253916720598062;1.3711299401042736;1.585941702021373;0.4297753184691306;0.04539906738356044;-0.263390044317864;-0.1228502274120488;0.16460443299768307;-0.22446976399796323;-0.6585348744774943;1.186691879151497;0.6823683336196517;-0.694975102594548;0.17558177125959287;-0.6505113836704469;0.6415142915403623;0.3496291683178332;0.22524990504675338;-0.3742297984953078;-0.33523982596631896;0.5983295320627747;-0.311564923256753;0.32608371240708356;-0.20475667769642625;-0.39872748869606767
2021-07-31;-1.1253326445276484;-0.21609139744005668;0.9721117313270627;1.2458947365709363;0.9805876785589939;-0.02913009064672312;-0.8682938884244165;-0.1981433056477763;-0.5156590026345891;-0.14347910374437528;-0.5966431232482504;-0.5004075969292475;0.9164115052518154;0.47337165217652927;-1.1093187134934734;-0.01451438426215379;-0.6258504448262805;0.23784731276189985;0.08798472973966756;0.26775823906926977;-0.46798809783126377;-0.7038497823003778;0.22180510771568193;-0.46379646511152084;0.0038084425264351294;-0.6341792854078067;-0.29863816246676966
2021-08-31;-1.0332100604474543;-0.09859685572829799;-0.20051636985474955;0.018031820613063795;0.22475391081426999;0.09508556830219704;-1.0589771286622318;-0.02235017726916829;-0.38317560362986647;-0.010692533344582493;-0.5159206933898843;-0.08217581984666515;1.326507082774042;0.5142252356529695;-0.6061996915612725;0.0351766196065339;-0.4518826207808974;0.4021740622313579;0.13420494305416458;0.8193894109301034;-0.019511301240004317;-0.5602637440044523;0.25758229696240376;-0.4800717473671962;-0.09550786239958542;-0.3660245622223016;-0.09434491872122323
2021-09-30;-0.7955735466653279;-0.10124921155855794;-0.9208262715355188;-0.6364180799275198;-0.4179427955419575;0.3105085869025538;-1.0290562454687842;0.17260537365020112;-0.4370938216241823;-0.3136494254404618;-0.5872424924553376;0.1298103629287484;0.4064696026961061;0.21607905338891198;-0.42732430927637505;-0.2148038759731086;-0.028439527239159428;0.42765550985465833;-0.14459709584491273;0.7689856700296093;0.046180702236228076;-0.5225037214636972;-0.013920513324351088;-0.3934393224116965;-0.08869500258192811;-0.16311333429558322;0.053635775351375724
2021-10-31;-0.5854541488365576;-0.5536861001280075;-1.3514324321671487;-0.7320269128569556;-0.6383339254154544;0.14675756011433355;-1.141094308698554;-0.1048077896654769;-0.6217848736077234;-1.31784971599324;-1.1511890447384447;-0.21912806380423472;0.35274989018949054;-0.3742593078118914;-0.3373564530978131;-0.6363801540185291;-0.24318032932995326;-0.06079465471224913;-0.47287562776527253;0.7603992372144679;-0.19304724787501407;-0.743531130364836;-0.27319522687577397;-0.6586311401924013;-0.44149597149837;-0.5376937606912388;-0.2591355836319499
2021-11-30;-0.1725795532085987;-0.8301800744799862;-0.14203512487661116;0.28329337652900477;0.11947833926552963;-0.5039900747447308;-0.8110457384004782;-0.8826947800114733;-0.6145631787816381;-1.6497962717884007;-1.5276436493208627;-0.9730260861840635;0.045459802443053095;-0.9853275408289494;-1.2158815077926846;-1.066426137179661;-1.2380675911763241;-0.7228049135795714;-0.8255717289375637;-0.018811495553319638;-1.3019359818972043;-0.7801883193046666;-0.49556179614779855;-1.3394001824536954;-1.5295306199507126;-1.192414298187529;-1.2998970394782805
2021-12-31;0.6659431306650343;-0.5510830702519524;-0.3779453075931965;-0.345356518939316;-0.07035466196173473;-0.46868926732532934;-0.499755810147337;-1.3159351827056864;-0.36630364271667953;-0.864691214685287;-1.1754141789448866;-1.5171140893268789;0.4213402201283769;-1.011604362879029;-1.5326069799254587;-1.052580134662456;-1.6202695170242833;-0.6523680023653627;-0.8108619813324077;-0.37623332219833333;-1.846857479394074;-0.5800007685755108;-0.43643248744535934;-1.6343303171218342;-1.8719891091070109;-1.1231795479031554;-1.762474091958526
2022-01-31;0.37057071720836443;-0.846584633350751;0.17375579358509943;-0.15282059159989547;0.3951158210085758;-0.7521509188968766;0.6373649835250341;-1.2737534833881572;-0.6230935879832392;-0.7666689390739732;-1.2053866056491547;-1.8950011501680615;0.45984107938443347;-1.1216674264744624;-1.7469651754831237;-1.1436868857550233;-1.4242076363227671;-0.6204182628805944;-1.0373637451839668;-0.4981266696611936;-2.0367656320042573;-0.9617104565700902;-0.8575466155516214;-1.5906028767636424;-1.6950423702059771;-1.2287012184903265;-1.8272591673908363
2022-02-28;0.134400065698618;-0.43777790583517323;-0.02918225898571385;-0.38290354004742866;0.21768965606035914;-0.6990317704229703;0.9523103452822859;-0.8027695624381446;-0.11865486094026725;0.5602452213512231;-0.11459525862805023;-2.0294628021144887;0.8201644955959523;-1.1429634567670037;-1.9879653677027618;-1.100530690304562;-0.7078389150398048;-0.34782401395121765;-0.9618832652555489;-0.8411948134112588;-1.6256321204096575;-0.6770850680620035;-0.7351783985648257;-1.2969260961458886;-1.108048646148501;-1.2995779873143423;-1.5686584887382282
2022-03-31;0.001526768441591812;-0.7182776970947644;0.4003016849847182;0.13711554749811788;0.08647271210207806;-0.16038156242587215;0.8759837771949027;0.42914176355044203;-0.17344848969316015;0.15557367548185333;-0.32674862037299035;-0.9537880111226762;0.291474313312779;-1.0238415796737563;-0.4046358378203896;-1.051932936250384;0.49779746026427635;-0.006892291012678569;-1.013977000665393;0.26172605934092436;-0.4062539362470679;-0.803316226262941;-0.8460334304358599;-0.22246334939500914;0.11959386654809122;-1.0189369683175324;-0.28657788778114923
2022-04-30;0.7078571230699588;-0.31866077977390944;-0.2817127583179009;-0.5867572897264962;-0.34562788061866717;0.4270728264246179;0.17008509428055152;1.0576094497897437;0.05298707286078578;0.7268715835029593;0.17220397633236995;-0.03620314873929306;-0.3632844639978296;-0.4739944834367555;0.718035666814315;-0.6517486671876096;1.0310687765024806;0.5262303075256929;-0.6795671851689349;1.1202073599868578;0.5830110665888838;-0.4066019531819064;-0.43259026467703904;0.4496597412614736;0.6358729250152603;-0.5056877957284001;0.4895598480068448
2022-05-31;0.6569402229832914;-0.8650532129664827;-0.723234763852816;-1.065208452588143;-0.6691232059349042;0.686792563014753;-0.48060414854165706;1.1417360186394774;-0.7905864128918362;-0.420919171635261;-0.7705037937913067;0.2799374163851414;-0.6734214160704682;-0.5100847977576082;1.0532552499379688;-0.7889170297616334;0.875551688292699;0.41971419456584946;-1.0114973239544511;1.4807492373389435;0.8985526492653929;-0.907606558004096;-0.9683145899010978;0.7325996693560252;0.936186159385506;-0.14598122350042955;1.0211780302424054
2022-06-30;-0.8521284598455576;-1.3206312080312195;-1.64298686664925;-2.115117381196724;-1.421652528127567;-0.5196975578926744;-1.4311425177671573;-0.14168276813577374;-1.6131356227224058;-0.7960402118254317;-1.0739250833438492;-0.7976794810031949;-0.6539242822021603;-1.262404701615444;-0.634426305145959;-1.3804148447558553;-0.22710666312981828;-0.5396360120898129;-1.5199803866036026;0.7258335661038035;-0.04676594405300421;-1.6190827335736997;-1.6218852373996315;-0.15540294282416645;-0.0988602366858209;-1.0014588314168371;0.1312844880513997
2022-07-31;-1.2930766459055045;-1.7085032086079788;-1.0400028574078541;-1.389620413743749;-1.1925233478225212;-0.4462206382689489;-0.7462505924963658;-0.6004750178654623;-2.0072396722460013;-1.472022072277116;-1.6090748178750476;-1.2731298639106061;0.16321526118898733;-1.299263985213928;-1.0771156113234717;-1.4614993094487898;-0.7312869910830508;-0.6292306005541105;-1.5463911901860998;0.6842849257666622;-0.3281217541829917;-1.6678586093005188;-1.8390956903204283;-0.45559976961516613;-0.291554447483658;-0.8528187245747624;-0.016621411551305074
2022-08-31;-1.719430958849713;-1.6449946193119775;-1.3373809925108113;-1.722600627842909;-1.5573744247041696;-0.5505662106549408;-0.4600421865089666;-0.4254315228808296;-2.111647146151646;-1.4298635419999;-1.5677183762053306;-0.8661380087078995;-0.3407820126198851;-1.0521357505532218;-0.7957578883889369;-1.2689411650078402;-0.48764123448125735;-0.5509193743002225;-1.2862167715036694;1.1419742011937566;-0.16996016402377942;-1.7167501847306286;-1.6053990482372291;-0.5946010626206577;-0.3771946638013211;-0.9348714128296308;0.03465453413196223
2022-09-30;-0.8718051782731857;-1.14747674333404;-0.9949061096335647;-1.3547938907485955;-1.589876278196034;-0.0782719003057911;-0.5471577974609436;0.04454121724265653;-1.5730378120525;-1.1044604547620547;-1.3981528813496915;-0.5883664698687855;-0.30378057031801375;-0.4089065891544643;-0.5341403093414514;-0.7764160131265612;-0.26008181470220143;0.07299329022621419;-0.8359430084260059;1.0952036980865554;-0.06868462501541213;-1.028913018643369;-0.9972316851612798;-0.5243715116885458;-0.3705214659900157;-0.5198737411149739;-0.022923832303275146
2022-10-31;-0.7588021224695094;-0.483026151990775;-0.8263744703403597;-1.0646263211453089;-1.349865670104453;-0.02224873206092884;-1.0305945092433093;0.3027051012179093;-1.1300185565606502;-0.3462383842510966;-0.9128371692274313;-0.32224759775878387;-1.6488860988803347;-0.3262781614631398;-0.43249193156691557;-0.6554051568313821;0.06072690128390901;0.05345363231632219;-0.6539450973295473;0.731360268909408;-0.014098050885322911;-0.7899978389208325;-0.6406044985479936;-0.46036326268453126;-0.09909186421954379;-0.610144105879572;-0.07711378073085531
2022-11-30;-1.7101701175870212;-0.7853997306271623;-0.3209398483802178;-0.21550987272498148;-0.6050065070617239;-0.8882822660625589;-1.1222057976975817;-0.6957658874652283;-1.0302637577898366;-0.8866183597087046;-1.327257910771238;-1.0166343347646023;-1.4974805755194047;-0.9521908744147862;-0.9910442181911512;-1.0495465172560576;-0.8350287268542305;-0.8471658284236735;-0.9439422024133796;0.06892921336103662;-0.9088786414843791;-0.9065225830317521;-0.8560542202450515;-1.071190504117767;-0.9907262917189964;-1.4734623811870988;-0.9554381256304245
2022-12-31;-1.6442152166400121;-0.8614982455342454;-0.2070448115524671;0.044762276922039906;-0.04007331290605143;-1.1079047163392823;-0.4200801414445787;-1.3510538351711443;-0.8991549130536274;-0.8817588474217036;-1.2463391843864056;-1.3442632885610626;-1.7361228396428037;-1.1860105007608417;-1.0506521191854292;-1.134355574709025;-1.7222092902865256;-1.2524100474219308;-0.9393026699813001;0.40559310044502433;-1.2819415678105417;-0.9868867319797343;-0.7775008597301795;-1.5483426104892477;-1.1979826328222327;-1.675100123481974;-1.5989740556609857
2023-01-31;-1.118531595003143;-1.1790899058306001;-0.863137413712929;-0.5812755192085405;-0.4232971824785578;-1.1224739486643769;-0.8636061884320589;-1.7314849257662845;-0.6261684765356049;-1.1940134471295283;-1.2987592562861032;-1.8839037796815965;-1.2325119008665866;-1.3409532432433395;-1.8332475101085746;-1.1933728215247168;-2.336874943435327;-1.075264094520012;-0.999871813946368;0.31536302658226245;-1.868572080824605;-0.9583041945487548;-0.7613329838288849;-1.7425575176094772;-1.610907272951899;-1.5459788166271313;-2.099178569316221
2023-02-28;0.7352627554930238;-0.5955702429767075;-0.6111927252046453;-0.5234483161399066;-0.4495636409057622;0.3556251004896257;-0.6916885078920552;-0.15204244351920593;0.15870014883343156;-0.1557140482997638;-0.49155982714390833;-0.7237905291039538;-1.2135686339648275;-0.3722568835913391;-0.6891556355534313;-0.4676674094934538;-1.0652885031607904;0.41014799498202054;-0.3662141993491159;1.2754944903459753;-0.1170572775359878;-0.21310084580628882;-0.15723656168571223;-0.4944676127375153;-0.5736447617035475;-0.2525515663335915;-0.8764956936362869
2023-03-31;1.6837158997140005;-0.6439171160550189;-0.6164306193889256;-0.5441416338074972;-0.3811886955520634;1.2495747521917062;-1.2493667560988768;1.0343777629291813;0.19006482946172581;-0.08864501321355284;-0.5393348896010951;0.40404199748028186;-0.3790940325818345;-0.17032244326341064;0.7185198492810928;-0.358326918577618;0.3510613972583744;1.0453204655442978;-0.4026286161145295;1.4174204385442504;1.513438064722635;-0.20829246198342616;-0.3856048273308244;0.6381573465091246;0.16792897840248389;0.3710899393638484;0.4875529452204855
2023-04-30;1.1624997303430413;-0.7752424310320728;-0.9922191346291247;-0.9756142228380467;-0.828084569146988;0.914999858616756;-0.9474224091477623;0.6477610493019652;-0.44973967963582856;-0.24244030596814123;-0.7170882810644525;0.6956709287982755;-0.17580868797918603;-0.5071448173999904;1.044884359784214;-0.646515253135815;0.412408401545859;0.5034401167987181;-0.7349656823194544;0.7093777410983977;1.8010118308155543;-0.7947563502229521;-0.9618123274336854;0.49238563123213364;-0.32171255627635703;0.013548631434801419;0.42872313123829014
2023-05-31;0.5791032212464166;-0.8164643595416531;-1.8206857548450741;-1.8250830554669664;-1.2832934427599003;0.11301215979975668;-1.4404783713054903;-0.5085446643600773;-0.9611180167778378;-0.05233139732042402;-0.5389878059234635;0.16638244550363307;-0.39482362611395716;-1.0768050858961875;0.3779225439838865;-1.0890630730931663;-0.2645165014901901;-0.28451435437872785;-1.1591263222967771;-0.4674010169243821;0.7928448237038609;-1.2452549588829058;-1.3380156690167238;-0.20639511409500855;-0.8778346348209102;-0.5503447744771501;-0.3054011279927874
2023-06-30;-0.02626209453264147;-0.7134233237599906;-2.7228523118317423;-2.793416672211008;-2.3136004185953656;-0.14757726505389412;-1.5643356161610136;-0.8115431071740672;-1.0968780837190968;-0.0683074964125623;-0.38793733293433913;-0.04293086435815005;-1.424937270637248;-0.9645788058507445;-0.4631452801787988;-1.0088166866778296;-0.7687119137202816;-0.41947187714063966;-1.0342319858193605;-1.0726451086993665;0.11337266834010837;-1.2574080379367731;-1.1716703871644418;-0.32790015658419597;-0.9137723992496941;-0.5298199128842299;-0.5598914164977226
2023-07-31;-0.4452281901171513;-0.08155768095035554;-1.591389192393949;-1.5896098298908676;-0.8811850507875605;-0.22149627381146994;-0.8400500783380428;-0.7119302018577685;-0.606522036157569;0.69008100954458;0.13567978829730865;0.21507242404889745;-1.245002868782745;-0.5931494242099098;-0.3215585097219382;-0.705742422816686;-0.8666422413752657;-0.23860686274776022;-0.6235658744247596;-0.9683323129686341;0.1351607648244881;-0.6793610688627941;-0.5160997164636169;-0.2814988924475948;-0.6108683966849388;-0.4633736061661838;-0.4359818708998121
2023-08-31;-0.7148437001538717;-0.2391447174071311;-1.1798686552313817;-1.2232605168561084;-0.8011111077498896;-0.7921847983458936;-0.7965377349455611;-0.7997412094926477;-0.650484328216084;0.44664279042002414;-0.006502360455849768;-0.48885558486988256;-1.6800959207998276;-1.075430618431564;-1.0732609657102514;-1.0551598337195298;-1.2148201980823259;-0.6313120614588575;-0.9147504726312793;-1.6733732447585228;-0.5265711730112101;-0.8611785580257895;-0.8458621779040407;-0.7354067131414984;-1.1513951301217975;-0.883883882194419;-0.8580004663048643
2023-09-30;-0.855218668842411;-0.20291028950461168;0.5243863263106519;0.6270928646728026;0.9242631859491183;-1.2376728590488266;0.7520070270072737;-1.1561728428875748;-0.6701415661890995;0.4848155430944022;0.054454611044837356;-0.8241483427323929;-0.8585007015861617;-1.3980331899347234;-1.2892479494069609;-1.2601840407619953;-1.107488734568273;-1.0284524873903083;-1.0404223164836817;-1.8476380108901445;-0.705146297224472;-0.8890221589962456;-0.9747338335658855;-1.0759816732035428;-1.5612220963900834;-1.2292050851597072;-1.2734673565946792
2023-10-31;-0.5406978352463773;-0.45571969819232205;-0.05858853956277571;-0.0834588032872287;-0.3757817310124089;-1.2391403301281483;-0.13424600660581926;-1.0642532604659287;-0.7942008952470717;0.07941360189993725;-0.14670820262396947;-1.0516553244777642;-1.248648435502033;-1.525459190567651;-1.3379283596708542;-1.373502744362917;-1.0045499313167687;-1.0694345781722165;-1.1671530692353533;-1.7065131097564008;-0.8014617886779116;-0.9776261253474969;-1.2018368052489927;-1.1746807871938545;-1.4009576901904737;-1.3772729830990789;-1.4488285323051096
2023-11-30;-0.42733135409226575;-0.36525838974868324;0.331427175625014;0.5015415267900875;0.26517084301720856;-0.76765668806088;0.29568904598491724;-0.8220039465979123;-0.7439143141279505;0.10976438877504506;-0.29659354499549784;-0.6317589900532923;0.318785136406385;-0.9857188222496719;-0.7006678753798988;-1.0066948625617989;-0.37895363242963165;-0.9283675398318175;-0.8381860716709921;-0.9448010497366008;-0.15016847648791415;-0.7134730604284851;-0.8770326470671107;-0.647981270005564;-0.8076810412918466;-1.084077144525697;-0.8509823355438094
2023-12-31;-0.7907749671646196;-0.35581509496037506;0.01224087958590287;-0.023421392755138326;-0.15704844163839896;-0.6359386853832004;0.3675547735166677;-0.8029934259015473;-0.6715263193451199;0.33391270531242384;-0.3124470229597531;-0.5460542606090703;0.005521927463783064;-0.879707154360445;-0.3347489262976458;-0.9857798089354176;-0.18629677662606764;-0.9228813653754657;-0.8940797356891874;-0.6367958683248031;0.17762668822535266;-0.7153183662311148;-1.027546478277072;-0.4340203685582013;-0.4560049097990577;-1.1025637940247333;-0.4971800886769164
2024-01-31;-1.0890646016754981;-0.41287727019453546;0.2555032217782153;0.5053654363992077;1.1465472800427103;-1.4902200503804253;0.6210294970381988;-1.8792758928894344;-0.7192114144716346;0.566246260309343;-0.13226316261685075;-1.3146258225258995;0.7260780420246961;-1.3995953292402104;-1.3745216505966187;-1.3134237883274724;-1.1926898003250836;-1.370861769683005;-1.2333014998826062;-1.3051018768612346;-0.5170816660555394;-1.0990773700197665;-1.2944342144798195;-1.1815843792146403;-1.1340544108710247;-1.6667479749540064;-1.5821161334767844
2024-02-29;-1.3026814964147038;-0.5337944549361974;0.5178338893031015;0.7643309440178662;1.637062710035368;-1.2704647201859256;0.7415627646093554;-1.837771036475967;-0.9351178506806646;0.4663667936918596;-0.11400596409330917;-1.4629398015638344;0.5758076811106739;-1.6267451641481503;-1.3229435016824853;-1.4662993021100466;-1.7423322280796176;-1.3326104866903434;-1.492136043237563;-1.0342230937155559;-0.6095232612506833;-1.524784242685473;-1.5919605950704023;-1.1767558244406247;-0.4261395383815337;-1.6640258577062346;-1.9337662626359486
2024-03-31;-0.8377116792112413;-1.0701810265968397;-0.1987763982830757;-0.047354049199477555;0.826812313771983;-1.291935236736153;-0.0570847126455204;-1.9322070006939007;-1.226985128321516;0.05000904318519344;-0.41453028497936806;-2.058980027148064;0.4448502143649229;-1.9812411219370119;-2.0809889874149023;-1.7004514932342643;-2.325198500493467;-1.4691027850167646;-1.7417136216519968;-2.274924852837173;-1.4648524060938646;-1.9871391554917432;-1.9087439000955635;-1.5435487278713116;-0.8195630696531492;-1.8767568383548956;-2.66987872480593
2024-04-30;-0.8314619951374855;-1.6680224221768052;0.4059632345884513;0.5883544049829863;1.0515835936889806;-0.49087486770691174;1.2166972995227092;-0.9031785989389;-1.6991224035429515;-0.7099113827449351;-1.0569138024175269;-1.3027845874796775;0.816357418588021;-1.9883366839712031;-0.6621985111227051;-1.8006061210338202;-1.225681723395537;-1.4818641773823986;-1.9526284770171505;-1.4744932273366829;-0.5662320503551391;-2.2909706613668717;-2.356919205546432;-0.640484363750509;0.0022456351640580802;-1.406306512430223;-1.43735981730643
2024-05-31;-0.7842924687100087;-1.5676528935141174;0.18481465110395828;0.37089932570109546;1.0803431512254635;-0.47193354255600667;1.81714603862601;-0.7038706506742934;-1.4963182808487314;-0.7966918381996478;-1.0304747417727682;-1.0794041843534141;0.9257532690537794;-1.595308468834057;-0.17556642750327991;-1.5547892324774384;-0.7287597045919458;-1.0847056109161146;-1.6737303985577234;-1.2391492509239186;-0.23985908680982534;-1.8532711218099385;-2.0367246083922224;-0.3604851947096016;-0.12835028262250137;-1.1360824281944928;-0.8470701742388252
2024-06-30;-0.764673590125937;-1.0472610258490702;0.7754351064977911;1.5081993345737799;2.2203979054170695;-0.3311526390703469;3.266225345174112;-0.5638658037743117;-1.0410205161578534;-0.6709405506574667;-0.8020026462960284;-0.8031881744248689;1.1346414280198738;-1.0579150218449673;0.48853748149558524;-1.1655439183692282;-0.28161780015072563;-0.5889417680753906;-1.254695990088899;0.12156163754880704;0.11148911863233471;-1.0011960288274429;-1.3393804222608936;-0.04592512585266537;0.1051877672313792;-0.684247030864072;-0.17282725446154418
2024-07-31;-0.2303003518444059;-0.3582583133180564;-0.7242473741252591;-0.39207183634270226;0.43217151717678975;-0.2825555752622888;1.8777474716613967;-0.37934174262313597;-0.14732960186435434;-0.06652334961177545;-0.4451512946337948;-0.7990719825209893;-0.7283941984278822;-0.4975994359621898;0.1747031000346214;-0.7264038072269459;-0.29122281247469217;-0.009735731285582873;-0.690222031394968;0.01628914813269831;0.15733658530165937;0.06674670639161422;-0.5928856269282086;0.09041732663879738;-0.03574857836865706;-0.33246826972096977;0.03451958957713857
2024-08-31;0.5522906706012111;-0.20739593923153965;-0.021044440301406325;0.6395694644702786;0.5037185358608888;-0.34795725596840144;1.491272771158468;-0.7067980370575162;0.23324106844442988;-0.039041711486957786;-0.6242006632547572;-1.0521695477900992;-0.643687287779302;-0.445014212430259;-0.22810137271209788;-0.6420055698522946;-0.3281055673452693;0.23501680539640626;-0.5168372920482761;-0.28799036736533745;-0.22480453920809051;0.5029254882807298;-0.37876908134471404;-0.20593107850805606;-0.48942639705084207;-0.24376967871008245;-0.23127340767742413
2024-09-30;0.8040936609144961;0.17054621615199983;-0.36176761027487747;0.07554930652179102;-0.5101959525553239;-0.09447037671867636;-0.3661253063086682;-0.7194035612057553;0.44488300881811016;0.5379310202676717;-0.2932862039408639;-1.115802253418484;-0.6841325090915246;-0.07016348573635765;-0.1583327155573498;-0.3446383426815416;-0.388151877660782;0.512255835209333;-0.15148546650284636;-0.016551357226018887;0.0817491462004015;0.7324628212251909;0.027918237920552057;-0.3472912552119468;-0.33310399693092624;-0.06879982850768888;-0.4334349796529017
